<config>
  <executableName>${app.executable}</executableName>
  <mainClass>${app.mainclass}</mainClass>
  <os>ios</os>
  <arch>thumbv7</arch>
  <target>ios</target>
  <iosInfoPList>Info.plist.xml</iosInfoPList>
  <resources>
    <resource>
      <directory>../android/assets</directory>
      <includes>
        <include>**</include>
      </includes>
      <skipPngCrush>true</skipPngCrush>
    </resource>
    <resource>
      <directory>data</directory>
    </resource>
  </resources>
  <forceLinkClasses>
    <pattern>com.badlogic.gdx.scenes.scene2d.ui.*</pattern>
    <pattern>org.apache.harmony.xnet.provider.jsse.OpenSSLProvider</pattern>
    <pattern>org.apache.harmony.security.provider.cert.DRLCertFactory</pattern>
    <pattern>com.android.org.bouncycastle.jce.provider.BouncyCastleProvider</pattern>
    <pattern>org.apache.harmony.security.provider.crypto.CryptoProvider</pattern>
    <pattern>org.apache.harmony.xnet.provider.jsse.JSSEProvider</pattern>
    <pattern>com.android.org.bouncycastle.jce.provider.JDKKeyStore</pattern>
    <pattern>org.apache.harmony.security.provider.cert.X509CertFactoryImpl</pattern>
    <pattern>com.android.org.bouncycastle.jce.provider.PKIXCertPathValidatorSpi</pattern>
    <pattern>org.apache.harmony.xnet.provider.jsse.OpenSSLMessageDigestJDK$MD5</pattern>
  </forceLinkClasses>
  <libs>
    <lib>build/libs/ios/libgdx.a</lib>
    <lib>build/libs/ios/libObjectAL.a</lib>
  </libs>
  <frameworks>
    <framework>UIKit</framework>
    <framework>OpenGLES</framework>
    <framework>QuartzCore</framework>
    <framework>CoreGraphics</framework>
    <framework>OpenAL</framework>
    <framework>AudioToolbox</framework>
    <framework>AVFoundation</framework>
  </frameworks>
</config>
